search_term,spotify_id,name,artist_name,artist_id,album_name,album_id,popularity,duration_ms,duration_formatted,release_date,spotify_url,preview_url,track_id,track_name
God's Plan,6DCZcSspjsKoFjzjrWoCdn,God's Plan,Drake,3TVXtAsR1Inumwj472S9r4,Scorpion,1ATL5GLyefJaxhQzSPVrLX,86,198973,3:18,2018-06-29,https://open.spotify.com/track/6DCZcSspjsKoFjzjrWoCdn,,,
,,,Drake,3TVXtAsR1Inumwj472S9r4,$ome $exy $ongs 4 U,6Rl6YoCarF2GHPSQmmFjuR,93,241023,4:01,2025-02-14,https://open.spotify.com/track/2u9S9JJ6hTZS3Vf22HOZKg,,2u9S9JJ6hTZS3Vf22HOZKg,NOKIA
,,,Drake,3TVXtAsR1Inumwj472S9r4,Views,40GMAhriYJRO1rsY4YdrZb,90,173986,2:53,2016-05-06,https://open.spotify.com/track/1zi7xx7UVEFkmKfv06H8x0,,1zi7xx7UVEFkmKfv06H8x0,One Dance
,,,Drake,3TVXtAsR1Inumwj472S9r4,More Life,1lXY618HWkwYKJWBRYR4MK,88,298940,4:58,2017-03-18,https://open.spotify.com/track/5mCPDVBb16L4XQwDdbRUpz,,5mCPDVBb16L4XQwDdbRUpz,Passionfruit
,,,Drake,3TVXtAsR1Inumwj472S9r4,Tha Carter IV (Complete Edition),0pFydyko4Iw450abXlDPpp,82,305840,5:05,2011-08-29,https://open.spotify.com/track/0b4M7hd7mzLTm99MrMeZsp,,0b4M7hd7mzLTm99MrMeZsp,She Will
,,,Drake,3TVXtAsR1Inumwj472S9r4,$ome $exy $ongs 4 U,6Rl6YoCarF2GHPSQmmFjuR,87,195431,3:15,2025-02-14,https://open.spotify.com/track/0NUqi0ps17YpLUC3kgsZq0,,0NUqi0ps17YpLUC3kgsZq0,DIE TRYING
,,,Drake,3TVXtAsR1Inumwj472S9r4,Scorpion,1ATL5GLyefJaxhQzSPVrLX,86,198973,3:18,2018-06-29,https://open.spotify.com/track/6DCZcSspjsKoFjzjrWoCdn,,6DCZcSspjsKoFjzjrWoCdn,God's Plan
,,,Drake,3TVXtAsR1Inumwj472S9r4,I NEVER LIKED YOU,6tE9Dnp2zInFij4jKssysL,86,189893,3:09,2022-04-29,https://open.spotify.com/track/59nOXPmaKlBfGMDeOVGrIK,,59nOXPmaKlBfGMDeOVGrIK,WAIT FOR U (feat. Drake & Tems)
,,,Drake,3TVXtAsR1Inumwj472S9r4,Take Care (Deluxe),6X1x82kppWZmDzlXXK3y3q,86,235986,3:55,2011-11-15,https://open.spotify.com/track/6LxSe8YmdPxy095Ux6znaQ,,6LxSe8YmdPxy095Ux6znaQ,Headlines
,,,Drake,3TVXtAsR1Inumwj472S9r4,Views,40GMAhriYJRO1rsY4YdrZb,84,255786,4:15,2016-05-06,https://open.spotify.com/track/1C7KSXR2GVxknex6I4ANco,,1C7KSXR2GVxknex6I4ANco,9
,,,Drake,3TVXtAsR1Inumwj472S9r4,"Honestly, Nevermind",3cf4iSSKd8ffTncbtKljXw,84,218364,3:38,2022-06-17,https://open.spotify.com/track/3F5CgOj3wFlRv51JsHbxhe,,3F5CgOj3wFlRv51JsHbxhe,Jimmy Cooks (feat. 21 Savage)
,,,Kendrick Lamar,2YZyLoL8N0Wb9xBt1NhZWg,GNX,1Ss0ArMRr91m83mOgRBjSZ,92,177598,2:57,2024-11-21,https://open.spotify.com/track/2CGNAOSuO1MEFCbBRgUzjd,,2CGNAOSuO1MEFCbBRgUzjd,luther (with sza)
,,,Kendrick Lamar,2YZyLoL8N0Wb9xBt1NhZWg,Black Panther The Album Music From And Inspired By,3pLdWdkj83EYfDN6H2N8MR,95,232186,3:52,2018-02-09,https://open.spotify.com/track/3GCdLUSnKSMJhs4Tj6CV3s,,3GCdLUSnKSMJhs4Tj6CV3s,"All The Stars (with SZA) - From ""Black Panther: The Album"""
,,,Kendrick Lamar,2YZyLoL8N0Wb9xBt1NhZWg,Not Like Us,5JjnoGJyOxfSZUZtk2rRwZ,93,274192,4:34,2024-05-04,https://open.spotify.com/track/6AI3ezQ4o3HUoP6Dhudph3,,6AI3ezQ4o3HUoP6Dhudph3,Not Like Us
,,,Kendrick Lamar,2YZyLoL8N0Wb9xBt1NhZWg,GNX,0hvT3yIEysuuvkK73vgdcW,91,220690,3:40,2024-11-22,https://open.spotify.com/track/0aB0v4027ukVziUGwVGYpG,,0aB0v4027ukVziUGwVGYpG,tv off (feat. lefty gunplay)
,,,Kendrick Lamar,2YZyLoL8N0Wb9xBt1NhZWg,"good kid, m.A.A.d city",6PBZN8cbwkqm1ERj2BGXJ1,83,386906,6:26,2012,https://open.spotify.com/track/2HbKqm4o0w5wEeEFXm2sD4,,2HbKqm4o0w5wEeEFXm2sD4,Money Trees
,,,Kendrick Lamar,2YZyLoL8N0Wb9xBt1NhZWg,DAMN.,4eLPsYPBmXABThSJ821sqY,88,177000,2:57,2017-04-14,https://open.spotify.com/track/7KXjTSCq5nL1LoYtL7XAwS,,7KXjTSCq5nL1LoYtL7XAwS,HUMBLE.
,,,Kendrick Lamar,2YZyLoL8N0Wb9xBt1NhZWg,DAMN.,4eLPsYPBmXABThSJ821sqY,88,213400,3:33,2017-04-14,https://open.spotify.com/track/6PGoSes0D9eUDeeAafB2As,,6PGoSes0D9eUDeeAafB2As,LOVE. FEAT. ZACARI.
,,,Kendrick Lamar,2YZyLoL8N0Wb9xBt1NhZWg,GNX,0hvT3yIEysuuvkK73vgdcW,87,157992,2:37,2024-11-22,https://open.spotify.com/track/0nj9Bq5sHDiTxSHunhgkFb,,0nj9Bq5sHDiTxSHunhgkFb,squabble up
,,,Kendrick Lamar,2YZyLoL8N0Wb9xBt1NhZWg,WE DON'T TRUST YOU,4iqbFIdGOTzXeDtt9owjQn,87,267706,4:27,2024-03-22,https://open.spotify.com/track/2tudvzsrR56uom6smgOcSf,,2tudvzsrR56uom6smgOcSf,Like That
,,,Kendrick Lamar,2YZyLoL8N0Wb9xBt1NhZWg,DAMN.,4eLPsYPBmXABThSJ821sqY,86,275253,4:35,2017-04-14,https://open.spotify.com/track/6IZvVAP7VPPnsGX6bvgkqg,,6IZvVAP7VPPnsGX6bvgkqg,PRIDE.
,,,The Weeknd,1Xyo4u8uXC1ZmMpatF05PJ,Hurry Up Tomorrow,3OxfaVgvTxUTy7276t7SPU,95,256000,4:16,2025-01-31,https://open.spotify.com/track/0FIDCNYYjNvPVimz5icugS,,0FIDCNYYjNvPVimz5icugS,Timeless (feat Playboi Carti)
,,,The Weeknd,1Xyo4u8uXC1ZmMpatF05PJ,The Idol Episode 4 (Music from the HBO Original Series),7tzVd1fwkxsorytCBjEJkU,94,244684,4:04,2023-06-23,https://open.spotify.com/track/7CyPwkp0oE8Ro9Dd5CUDjW,,7CyPwkp0oE8Ro9Dd5CUDjW,"One Of The Girls (with JENNIE, Lily Rose Depp)"
,,,The Weeknd,1Xyo4u8uXC1ZmMpatF05PJ,Starboy,2ODvWsOgouMbaA5xf0RkJe,92,230453,3:50,2016-11-25,https://open.spotify.com/track/7MXVkk9YMctZqd1Srtv4MB,,7MXVkk9YMctZqd1Srtv4MB,Starboy
,,,The Weeknd,1Xyo4u8uXC1ZmMpatF05PJ,After Hours,4yP0hdKOZPNshxUOjY0cZj,92,200040,3:20,2020-03-20,https://open.spotify.com/track/0VjIjW4GlUZAMYd2vXMi3b,,0VjIjW4GlUZAMYd2vXMi3b,Blinding Lights
,,,The Weeknd,1Xyo4u8uXC1ZmMpatF05PJ,Starboy,4AdZV63ycxFLF6Hcol0QnB,88,260253,4:20,2016-11-24,https://open.spotify.com/track/2LBqCSwhJGcFQeTHMVGwy3,,2LBqCSwhJGcFQeTHMVGwy3,Die For You
,,,The Weeknd,1Xyo4u8uXC1ZmMpatF05PJ,Hurry Up Tomorrow,3OxfaVgvTxUTy7276t7SPU,88,301623,5:01,2025-01-31,https://open.spotify.com/track/7DY756WOLyOz2Xnhw4EFiC,,7DY756WOLyOz2Xnhw4EFiC,São Paulo (feat. Anitta)
,,,The Weeknd,1Xyo4u8uXC1ZmMpatF05PJ,Beauty Behind The Madness,0P3oVJBFOv3TDXlYRhGL7s,89,242253,4:02,2015-08-28,https://open.spotify.com/track/7fBv7CLKzipRk6EC6TWHOB,,7fBv7CLKzipRk6EC6TWHOB,The Hills
,,,The Weeknd,1Xyo4u8uXC1ZmMpatF05PJ,After Hours,4yP0hdKOZPNshxUOjY0cZj,88,215626,3:35,2020-03-20,https://open.spotify.com/track/5QO79kh1waicV47BqGRL3g,,5QO79kh1waicV47BqGRL3g,Save Your Tears
,,,The Weeknd,1Xyo4u8uXC1ZmMpatF05PJ,"My Dear Melancholy,",4qZBW3f2Q8y0k1A84d4iAO,87,228373,3:48,2018-03-30,https://open.spotify.com/track/09mEdoA6zrmBPgTEN5qXmN,,09mEdoA6zrmBPgTEN5qXmN,Call Out My Name
,,,The Weeknd,1Xyo4u8uXC1ZmMpatF05PJ,MUSIC,0fSfkmx0tdPqFYkJuNX74a,87,209680,3:29,2025-03-14,https://open.spotify.com/track/68qeaZhtMZ6abrJCYt6nQn,,68qeaZhtMZ6abrJCYt6nQn,RATHER LIE (with The Weeknd)
,,,Kanye West,5K4W6rqBFWDnAN6FQUkS6x,Graduation,4SZko61aMnmgvNhfhgTuD3,88,237506,3:57,2007-09-11,https://open.spotify.com/track/5TRPicyLGbAF2LGBFbHGvO,,5TRPicyLGbAF2LGBFbHGvO,Flashing Lights
,,,Kanye West,5K4W6rqBFWDnAN6FQUkS6x,808s & Heartbreak,3WFTGIO6E3Xh4paEOBY9OU,86,211000,3:31,2008-11-24,https://open.spotify.com/track/4EWCNWgDS8707fNSZ1oaA5,,4EWCNWgDS8707fNSZ1oaA5,Heartless
,,,Kanye West,5K4W6rqBFWDnAN6FQUkS6x,Graduation,4SZko61aMnmgvNhfhgTuD3,85,243440,4:03,2007-09-11,https://open.spotify.com/track/7rbECVPkY5UODxoOUVKZnA,,7rbECVPkY5UODxoOUVKZnA,I Wonder
,,,Kanye West,5K4W6rqBFWDnAN6FQUkS6x,Yeezus,7D2NdGvBHIavgLhmcwhluK,85,229146,3:49,2013-06-18,https://open.spotify.com/track/3sNVsP50132BTNlImLx70i,,3sNVsP50132BTNlImLx70i,Bound 2
,,,Kanye West,5K4W6rqBFWDnAN6FQUkS6x,My Beautiful Dark Twisted Fantasy,20r762YmB5HeofjMCiPMLv,85,547733,9:07,2010-11-22,https://open.spotify.com/track/3DK6m7It6Pw857FcQftMds,,3DK6m7It6Pw857FcQftMds,Runaway
,,,Kanye West,5K4W6rqBFWDnAN6FQUkS6x,Graduation,4SZko61aMnmgvNhfhgTuD3,84,311866,5:11,2007-09-11,https://open.spotify.com/track/0j2T0R9dR9qdJYsB7ciXhf,,0j2T0R9dR9qdJYsB7ciXhf,Stronger
,,,Kanye West,5K4W6rqBFWDnAN6FQUkS6x,Graduation,4SZko61aMnmgvNhfhgTuD3,84,271600,4:31,2007-09-11,https://open.spotify.com/track/0mEdbdeRFQwBhN4xfyIeUM,,0mEdbdeRFQwBhN4xfyIeUM,Can't Tell Me Nothing
,,,Kanye West,5K4W6rqBFWDnAN6FQUkS6x,The College Dropout,4Uv86qWpGTxf7fU7lG5X6F,84,223506,3:43,2004-02-10,https://open.spotify.com/track/5SkRLpaGtvYPhw02vZhQQ9,,5SkRLpaGtvYPhw02vZhQQ9,All Falls Down
,,,Kanye West,5K4W6rqBFWDnAN6FQUkS6x,VULTURES 1,4DOsPwJtokv6HEifZ6t5j6,84,264334,4:24,2024-02-09,https://open.spotify.com/track/2McT2fkH0VDqPsbiB9HWPq,,2McT2fkH0VDqPsbiB9HWPq,CARNIVAL
,,,Kanye West,5K4W6rqBFWDnAN6FQUkS6x,Watch The Throne,0OcMap99vLEeGkBCfCwRwS,84,219333,3:39,2011-08-08,https://open.spotify.com/track/1auxYwYrFRqZP7t3s7w4um,,1auxYwYrFRqZP7t3s7w4um,Ni**as In Paris
,,,Taylor Swift,06HL4z0CvFAxyc27GXpf02,Lover,1NAmidJlEaVgA3MpcPFYGq,92,178426,2:58,2019-08-23,https://open.spotify.com/track/1BxfuPKGuaTgP7aM0Bbdwr,,1BxfuPKGuaTgP7aM0Bbdwr,Cruel Summer
,,,Taylor Swift,06HL4z0CvFAxyc27GXpf02,1989,2QJmrSgbdM35R67eoGQo4j,77,231000,3:51,2014-10-27,https://open.spotify.com/track/4lIxdJw6W3Fg4vUIYCB0S5,,4lIxdJw6W3Fg4vUIYCB0S5,Style
,,,Taylor Swift,06HL4z0CvFAxyc27GXpf02,folklore,2fenSS68JI1h4Fo296JfGr,87,261922,4:21,2020-07-24,https://open.spotify.com/track/3hUxzQpSfdDqwM3ZTFQY0K,,3hUxzQpSfdDqwM3ZTFQY0K,august
,,,Taylor Swift,06HL4z0CvFAxyc27GXpf02,1989,2QJmrSgbdM35R67eoGQo4j,76,231826,3:51,2014-10-27,https://open.spotify.com/track/1p80LdxRV74UKvL8gnD7ky,,1p80LdxRV74UKvL8gnD7ky,Blank Space
,,,Taylor Swift,06HL4z0CvFAxyc27GXpf02,folklore,2fenSS68JI1h4Fo296JfGr,87,239560,3:59,2020-07-24,https://open.spotify.com/track/4R2kfaDFhslZEMJqAFNpdd,,4R2kfaDFhslZEMJqAFNpdd,cardigan
,,,Taylor Swift,06HL4z0CvFAxyc27GXpf02,THE TORTURED POETS DEPARTMENT,1Mo4aZ8pdj6L1jx8zSwJnt,86,228965,3:48,2024-04-18,https://open.spotify.com/track/2OzhQlSqBEmt7hmkYxfT6m,,2OzhQlSqBEmt7hmkYxfT6m,Fortnight (feat. Post Malone)
,,,Taylor Swift,06HL4z0CvFAxyc27GXpf02,Lover,1NAmidJlEaVgA3MpcPFYGq,88,221306,3:41,2019-08-23,https://open.spotify.com/track/1dGr1c8CrMLDpV6mPbImSI,,1dGr1c8CrMLDpV6mPbImSI,Lover
,,,Taylor Swift,06HL4z0CvFAxyc27GXpf02,reputation,6DEjYFkNZh67HP7R9PSZvv,87,236413,3:56,2017-11-10,https://open.spotify.com/track/1R0a2iXumgCiFb7HEZ7gUE,,1R0a2iXumgCiFb7HEZ7gUE,Don’t Blame Me
,,,Taylor Swift,06HL4z0CvFAxyc27GXpf02,1989,2QJmrSgbdM35R67eoGQo4j,76,219200,3:39,2014-10-27,https://open.spotify.com/track/5xTtaWoae3wi06K5WfVUUH,,5xTtaWoae3wi06K5WfVUUH,Shake It Off
,,,Taylor Swift,06HL4z0CvFAxyc27GXpf02,reputation Stadium Tour Surprise Song Playlist,1MPAXuTVL2Ej5x0JHiSPq8,85,247160,4:07,2017-11-09,https://open.spotify.com/track/55n9yjI6qqXh5F2mYvUc2y,,55n9yjI6qqXh5F2mYvUc2y,I Don’t Wanna Live Forever (Fifty Shades Darker)
,,,Salish Matter,4CB8mmEbDXVxkzNpJgkj65,Shiping Us (The Truth About Their Relationship),4L6XfnOrHbHmsXJCejwN2Q,52,153600,2:33,2022-01-07,https://open.spotify.com/track/0gSitvapcaQAhOA59b8RbV,,0gSitvapcaQAhOA59b8RbV,Shiping Us (The Truth About Their Relationship)
,,,Salish Matter,4CB8mmEbDXVxkzNpJgkj65,THE TRUTH ABOUT THEIR FEELINGS,31HeXKy8nfe7eC7xXsVoTH,49,142080,2:22,2022-09-30,https://open.spotify.com/track/5RPRnhQJZIZutm5kK2Sj5d,,5RPRnhQJZIZutm5kK2Sj5d,THE TRUTH ABOUT THEIR FEELINGS
,,,Taylor Swift Piano Covers,0DwbGCdaD8YLRiVUEiV70Q,Taylor Swift - 1989 - Piano Covers,5aYQB3cr61xaFPPXW7GKKG,13,140353,2:20,2023-08-15,https://open.spotify.com/track/3Iaz3Au0EcxzwqIgYpl5SD,,3Iaz3Au0EcxzwqIgYpl5SD,Blank Space - Piano Cover
,,,Taylor Swift Piano Covers,0DwbGCdaD8YLRiVUEiV70Q,Taylor Swift - 1989 - Piano Covers,5aYQB3cr61xaFPPXW7GKKG,13,239151,3:59,2023-08-15,https://open.spotify.com/track/7vrLds69DtKdhklhJ0DTrK,,7vrLds69DtKdhklhJ0DTrK,Bad Blood - Piano Cover
,,,Taylor Swift Piano Covers,0DwbGCdaD8YLRiVUEiV70Q,Taylor Swift - folklore - Piano Covers - Piano Version,7l7WFI54G5IUI7VrWeWOlY,19,316056,5:16,2023-04-19,https://open.spotify.com/track/3NKOWcuOHdOmoLYtfbCdzz,,3NKOWcuOHdOmoLYtfbCdzz,august - piano version
,,,Taylor Swift Piano Covers,0DwbGCdaD8YLRiVUEiV70Q,Taylor Swift - 1989 (Taylor's Version) - Piano Covers,02Xxrjeen4jrmujNvkirSL,16,235071,3:55,2023-11-01,https://open.spotify.com/track/5WMBH8vrnSnQpMSsxFHjXL,,5WMBH8vrnSnQpMSsxFHjXL,Is It Over Now? - Taylor's Version - Piano Cover
,,,Taylor Swift Piano Covers,0DwbGCdaD8YLRiVUEiV70Q,Taylor Swift - folklore - Piano Covers - Piano Version,7l7WFI54G5IUI7VrWeWOlY,18,295652,4:55,2023-04-19,https://open.spotify.com/track/2jnLLbaWD2xmcWLNRwcL8m,,2jnLLbaWD2xmcWLNRwcL8m,exile - piano version
,,,Taylor Swift Piano Covers,0DwbGCdaD8YLRiVUEiV70Q,Taylor Swift - Cruel Summer - Piano Cover,28ftEEESD0NemrAt632OPc,12,193752,3:13,2023-08-21,https://open.spotify.com/track/2zVeiWRAZE3ZFNCLy8V8Co,,2zVeiWRAZE3ZFNCLy8V8Co,Taylor Swift - Cruel Summer - Piano Cover
,,,Taylor Swift Piano Covers,0DwbGCdaD8YLRiVUEiV70Q,Taylor Swift - folklore - Piano Covers - Piano Version,7l7WFI54G5IUI7VrWeWOlY,19,238080,3:58,2023-04-19,https://open.spotify.com/track/5bLX876rdqOX13rHa7Hntp,,5bLX876rdqOX13rHa7Hntp,cardigan - piano version
,,,Taylor Swift Piano Covers,0DwbGCdaD8YLRiVUEiV70Q,Taylor Swift - Speak Now - Taylor's Version - Piano Covers,4kBK9gzGfIDLZF6ZleoUAD,15,397800,6:37,2023-07-11,https://open.spotify.com/track/3oJQ73UeAjkdQmBf9GsYCv,,3oJQ73UeAjkdQmBf9GsYCv,Enchanted - Piano Cover
,,,Taylor Swift Piano Covers,0DwbGCdaD8YLRiVUEiV70Q,Taylor Swift - Speak Now - Taylor's Version - Piano Covers,4kBK9gzGfIDLZF6ZleoUAD,11,264171,4:24,2023-07-11,https://open.spotify.com/track/4ytqavDdm86Id3E8itbe3r,,4ytqavDdm86Id3E8itbe3r,Speak Now - Piano Cover
,,,Taylor Swift Piano Covers,0DwbGCdaD8YLRiVUEiV70Q,Taylor Swift - folklore - Piano Covers - Piano Version,7l7WFI54G5IUI7VrWeWOlY,17,347586,5:47,2023-04-19,https://open.spotify.com/track/1VK7VlpcnKrtDCpZyXA1oR,,1VK7VlpcnKrtDCpZyXA1oR,invisible string - piano version
,,,Ed Sheeran,6eUKZXaKkcviH0Ku9w2n3V,Azizam,37HwcDtLqY2WXN7NArODvI,94,162029,2:42,2025-04-04,https://open.spotify.com/track/0GRc3eGTg8HBdWLRGYgqIc,,0GRc3eGTg8HBdWLRGYgqIc,Azizam
,,,Ed Sheeran,6eUKZXaKkcviH0Ku9w2n3V,Sapphire,1ZrWlhMUoyMKsoQ1tvRR2t,93,179082,2:59,2025-06-05,https://open.spotify.com/track/4Q0qVhFQa7j6jRKzo3HDmP,,4Q0qVhFQa7j6jRKzo3HDmP,Sapphire
,,,Ed Sheeran,6eUKZXaKkcviH0Ku9w2n3V,÷ (Deluxe),3T4tUhGYeRNVUGevb0wThu,92,233712,3:53,2017-03-03,https://open.spotify.com/track/7qiZfU4dY1lWllzX7mPBI3,,7qiZfU4dY1lWllzX7mPBI3,Shape of You
,,,Ed Sheeran,6eUKZXaKkcviH0Ku9w2n3V,÷ (Deluxe),3T4tUhGYeRNVUGevb0wThu,92,263400,4:23,2017-03-03,https://open.spotify.com/track/0tgVpDi06FyKpA1z0VMD4v,,0tgVpDi06FyKpA1z0VMD4v,Perfect
,,,Ed Sheeran,6eUKZXaKkcviH0Ku9w2n3V,x (Wembley Edition),6NoBzYmh5gUusGPCfg0pct,73,258986,4:18,2013,https://open.spotify.com/track/6fxVffaTuwjgEk5h9QyRjy,,6fxVffaTuwjgEk5h9QyRjy,Photograph
,,,Ed Sheeran,6eUKZXaKkcviH0Ku9w2n3V,x (Wembley Edition),6NoBzYmh5gUusGPCfg0pct,73,281560,4:41,2013,https://open.spotify.com/track/1Slwb6dOYkBlWal1PGtnNg,,1Slwb6dOYkBlWal1PGtnNg,Thinking out Loud
,,,Ed Sheeran,6eUKZXaKkcviH0Ku9w2n3V,=,32iAEBstCjauDhyKpGjTuq,86,207853,3:27,2021-10-25,https://open.spotify.com/track/50nfwKoDiSYg8zOCREWAm5,,50nfwKoDiSYg8zOCREWAm5,Shivers
,,,Ed Sheeran,6eUKZXaKkcviH0Ku9w2n3V,=,32iAEBstCjauDhyKpGjTuq,86,230746,3:50,2021-10-25,https://open.spotify.com/track/3rmo8F54jFF8OgYsqTxm5d,,3rmo8F54jFF8OgYsqTxm5d,Bad Habits
,,,Ed Sheeran,6eUKZXaKkcviH0Ku9w2n3V,+-=÷× (Tour Collection),5xD1PSd5c5APDM0SdkkqnH,79,219946,3:39,2024-09-27,https://open.spotify.com/track/6hvRoJ0BTZywxu8UCPBkzx,,6hvRoJ0BTZywxu8UCPBkzx,I Don't Care
,,,Ed Sheeran,6eUKZXaKkcviH0Ku9w2n3V,÷ (Deluxe),3T4tUhGYeRNVUGevb0wThu,84,170826,2:50,2017-03-03,https://open.spotify.com/track/0afhq8XCExXpqazXczTSve,,0afhq8XCExXpqazXczTSve,Galway Girl
,,,Ed Sheeran & Justin Bieber,1WsYCXdezMjn0KoIrLvMmC,I Don't Care (with Justin Bieber),5Nux7ozBJ5KJ02QYWwrneR,78,219946,3:39,2019-05-10,https://open.spotify.com/track/3HVWdVOQ0ZA45FuZGSfvns,,3HVWdVOQ0ZA45FuZGSfvns,I Don't Care (with Justin Bieber)
,,,Ariana Grande,66CXWjxzNUsdJxJ2JdwvnR,eternal sunshine,5EYKrEDnKhhcNxGedaRQeK,89,228639,3:48,2024-03-08,https://open.spotify.com/track/51ZQ1vr10ffzbwIjDCwqm4,,51ZQ1vr10ffzbwIjDCwqm4,we can't be friends (wait for your love)
,,,Ariana Grande,66CXWjxzNUsdJxJ2JdwvnR,eternal sunshine deluxe: brighter days ahead (a cappella version),2xqTa2dCR54yYHEcttiXyD,80,198320,3:18,2025-03-27,https://open.spotify.com/track/1edcyazKIdKrIuz9cWpXU6,,1edcyazKIdKrIuz9cWpXU6,twilight zone
,,,Ariana Grande,66CXWjxzNUsdJxJ2JdwvnR,eternal sunshine,5EYKrEDnKhhcNxGedaRQeK,88,163381,2:43,2024-03-08,https://open.spotify.com/track/142PiXzA84lmEw2RstFHFa,,142PiXzA84lmEw2RstFHFa,supernatural
,,,Ariana Grande,66CXWjxzNUsdJxJ2JdwvnR,Dangerous Woman,3pdKKSqqLVIKmRTGw0x2N7,77,244453,4:04,2016-05-20,https://open.spotify.com/track/63y6xWR4gXz7bnUGOk8iI6,,63y6xWR4gXz7bnUGOk8iI6,Into You
,,,Ariana Grande,66CXWjxzNUsdJxJ2JdwvnR,My Everything (Deluxe),6EVYTRG1drKdO8OnIQBeEj,87,197266,3:17,2014-08-22,https://open.spotify.com/track/7xoUc6faLbCqZO6fQEYprd,,7xoUc6faLbCqZO6fQEYprd,One Last Time
,,,Ariana Grande,66CXWjxzNUsdJxJ2JdwvnR,After Hours (Deluxe),4ZyeHIgdujClXSjC2cSqSb,83,191013,3:11,2020-03-20,https://open.spotify.com/track/1oFAF1hdPOickyHgbuRjyX,,1oFAF1hdPOickyHgbuRjyX,Save Your Tears (Remix) (with Ariana Grande) - Bonus Track
,,,Ariana Grande,66CXWjxzNUsdJxJ2JdwvnR,"thank u, next",2fYhqwDWXjbpjaIJPEfKFw,86,178626,2:58,2019-02-08,https://open.spotify.com/track/6ocbgoVGwYJhOv1GgI9NsF,,6ocbgoVGwYJhOv1GgI9NsF,7 rings
,,,Ariana Grande,66CXWjxzNUsdJxJ2JdwvnR,Dangerous Woman,3pdKKSqqLVIKmRTGw0x2N7,73,235946,3:55,2016-05-20,https://open.spotify.com/track/6RUhbFEhrvGISaQ8u2j2JN,,6RUhbFEhrvGISaQ8u2j2JN,Dangerous Woman
,,,Ariana Grande,66CXWjxzNUsdJxJ2JdwvnR,Dangerous Woman,3pdKKSqqLVIKmRTGw0x2N7,72,226160,3:46,2016-05-20,https://open.spotify.com/track/43bCmCI0nSgcT7QdMXY6LV,,43bCmCI0nSgcT7QdMXY6LV,Side To Side
,,,Ariana Grande,66CXWjxzNUsdJxJ2JdwvnR,Sweet Talker (Deluxe Version),2rDIivxBafNKpgRqlzIRSb,84,199386,3:19,2014-10-10,https://open.spotify.com/track/0puf9yIluy9W0vpMEUoAnN,,0puf9yIluy9W0vpMEUoAnN,Bang Bang
,,,Post Malone,246dkjvS1zLTtiykXe5h60,F-1 Trillion,4BbsHmXEghoPPevQjPnHXx,88,178205,2:58,2024-08-15,https://open.spotify.com/track/5IZXB5IKAD2qlvTPJYDCFB,,5IZXB5IKAD2qlvTPJYDCFB,I Had Some Help (Feat. Morgan Wallen)
,,,Post Malone,246dkjvS1zLTtiykXe5h60,Hollywood's Bleeding,4g1ZRSobMefqF6nelkgibi,85,157560,2:37,2019-09-06,https://open.spotify.com/track/0RiRZpuVRbi7oqRdSMwhQY,,0RiRZpuVRbi7oqRdSMwhQY,Sunflower - Spider-Man: Into the Spider-Verse
,,,Post Malone,246dkjvS1zLTtiykXe5h60,Hollywood's Bleeding,4g1ZRSobMefqF6nelkgibi,89,215280,3:35,2019-09-06,https://open.spotify.com/track/21jGcNKet2qwijlDFuPiPb,,21jGcNKet2qwijlDFuPiPb,Circles
,,,Post Malone,246dkjvS1zLTtiykXe5h60,I’m The Problem,5IZ8sY5FjtL9hloXpv0XbD,84,175271,2:55,2025-05-16,https://open.spotify.com/track/1BDLD4c07q0bmq2VCRsXoE,,1BDLD4c07q0bmq2VCRsXoE,I Ain't Comin' Back (feat. Post Malone)
,,,Post Malone,246dkjvS1zLTtiykXe5h60,beerbongs & bentleys,6trNtQUgC8cgbWcqoMYkOR,85,218146,3:38,2018-04-27,https://open.spotify.com/track/0e7ipj03S05BNilyu5bRzt,,0e7ipj03S05BNilyu5bRzt,rockstar (feat. 21 Savage)
,,,Post Malone,246dkjvS1zLTtiykXe5h60,F-1 Trillion,4BbsHmXEghoPPevQjPnHXx,82,164011,2:44,2024-08-15,https://open.spotify.com/track/6StwwqB84sJeLr7tZDTxEX,,6StwwqB84sJeLr7tZDTxEX,Guy For That (Feat. Luke Combs)
,,,Post Malone,246dkjvS1zLTtiykXe5h60,Stoney (Deluxe),5s0rmjP8XOPhP6HhqOhuyC,84,220293,3:40,2016-12-09,https://open.spotify.com/track/3a1lNhkSLSkpJE4MSHpDu9,,3a1lNhkSLSkpJE4MSHpDu9,Congratulations
,,,Post Malone,246dkjvS1zLTtiykXe5h60,beerbongs & bentleys,6trNtQUgC8cgbWcqoMYkOR,83,231266,3:51,2018-04-27,https://open.spotify.com/track/7dt6x5M1jzdTEt8oCbisTK,,7dt6x5M1jzdTEt8oCbisTK,Better Now
,,,Post Malone,246dkjvS1zLTtiykXe5h60,Dial Drunk (with Post Malone),4XahqkOmEsKLKEhBpX8DAe,82,213817,3:33,2023-07-18,https://open.spotify.com/track/22VHOlVYBqytsrAqV8yXBK,,22VHOlVYBqytsrAqV8yXBK,Dial Drunk (with Post Malone)
,,,Jelly Roll,19k8AgwwTSxeaxkOuCQEJs,Bloodline (with Jelly Roll),2KoAn4MyptQWG1qBx7mu01,92,182008,3:02,2025-05-22,https://open.spotify.com/track/0qmhTHMVxnXRmT5N92wTD9,,0qmhTHMVxnXRmT5N92wTD9,Bloodline (with Jelly Roll)
,,,Jelly Roll,19k8AgwwTSxeaxkOuCQEJs,Beautifully Broken,2GW4VpFk9mbc6qYZ0zNuu3,83,204933,3:24,2024-10-10,https://open.spotify.com/track/0llPOBVoJYDAtdmVlNE41A,,0llPOBVoJYDAtdmVlNE41A,Liar
,,,Jelly Roll,19k8AgwwTSxeaxkOuCQEJs,"Where I've Been, Isn't Where I'm Going: The Complete Edition",4iSZXBgHUpzVGl8qfuZSEv,77,197403,3:17,2025-04-24,https://open.spotify.com/track/3anaHXs7z8NwLUatPxqJlE,,3anaHXs7z8NwLUatPxqJlE,Amen
,,,Jelly Roll,19k8AgwwTSxeaxkOuCQEJs,That Ain't No Man That's The Devil,4BnCr0behKaGscMMhpiHX7,79,141367,2:21,2024-09-06,https://open.spotify.com/track/0kE09o4Jdeu7vqjmkV1YJP,,0kE09o4Jdeu7vqjmkV1YJP,Wild Ones (feat. Jelly Roll)
,,,Jelly Roll,19k8AgwwTSxeaxkOuCQEJs,Whitsitt Chapel,2v1Lb9hidHkvvlIXYzSmeZ,80,197400,3:17,2023-06-02,https://open.spotify.com/track/07on0OB2cdPt79IFsgdRUy,,07on0OB2cdPt79IFsgdRUy,Need A Favor
,,,Jelly Roll,19k8AgwwTSxeaxkOuCQEJs,Lonely Road (with Jelly Roll),4tU0FNnuiBD1P6IRTARHww,80,189356,3:09,2024-07-26,https://open.spotify.com/track/3Rfre3qkrhwdZZ7dyznwbN,,3Rfre3qkrhwdZZ7dyznwbN,Lonely Road (with Jelly Roll)
,,,Jelly Roll,19k8AgwwTSxeaxkOuCQEJs,Beautifully Broken,2GW4VpFk9mbc6qYZ0zNuu3,80,198066,3:18,2024-10-10,https://open.spotify.com/track/3SaS0Va6o6jYkWvadT86C6,,3SaS0Va6o6jYkWvadT86C6,I Am Not Okay
,,,Jelly Roll,19k8AgwwTSxeaxkOuCQEJs,Ballads of the Broken,4HNIAKT3412itayEYv2BxL,79,232093,3:52,2021-09-17,https://open.spotify.com/track/6ngGiVX91DRmGDH4G5EgeO,,6ngGiVX91DRmGDH4G5EgeO,Son Of A Sinner
,,,Jelly Roll,19k8AgwwTSxeaxkOuCQEJs,F-1 Trillion,4BbsHmXEghoPPevQjPnHXx,76,209038,3:29,2024-08-15,https://open.spotify.com/track/0gucUyFMFRMlUiVn9US4YX,,0gucUyFMFRMlUiVn9US4YX,Losers (Feat. Jelly Roll)
,,,Jelly Roll,19k8AgwwTSxeaxkOuCQEJs,Whitsitt Chapel,2v1Lb9hidHkvvlIXYzSmeZ,78,237493,3:57,2023-06-02,https://open.spotify.com/track/30LZU3ReFIndjHLfaahreM,,30LZU3ReFIndjHLfaahreM,Save Me - with Lainey Wilson
,,,Billie Eilish,6qqNVTkY8uBg9cP3Jd7DAH,HIT ME HARD AND SOFT,7aJuG4TFXa2hmE4z1yxc3n,100,210373,3:30,2024-05-17,https://open.spotify.com/track/6dOtVTDdiauQNBQEDOtlAB,,6dOtVTDdiauQNBQEDOtlAB,BIRDS OF A FEATHER
,,,Billie Eilish,6qqNVTkY8uBg9cP3Jd7DAH,HIT ME HARD AND SOFT,7aJuG4TFXa2hmE4z1yxc3n,96,261466,4:21,2024-05-17,https://open.spotify.com/track/3QaPy1KgI7nu9FJEQUgn6h,,3QaPy1KgI7nu9FJEQUgn6h,WILDFLOWER
,,,Billie Eilish,6qqNVTkY8uBg9cP3Jd7DAH,HIT ME HARD AND SOFT,7aJuG4TFXa2hmE4z1yxc3n,91,303440,5:03,2024-05-17,https://open.spotify.com/track/7BRD7x5pt8Lqa1eGYC4dzj,,7BRD7x5pt8Lqa1eGYC4dzj,CHIHIRO
,,,Billie Eilish,6qqNVTkY8uBg9cP3Jd7DAH,lovely (with Khalid),2sBB17RXTamvj7Ncps15AK,90,200185,3:20,2018-04-19,https://open.spotify.com/track/0u2P5u6lvoDfwTYjAADbn4,,0u2P5u6lvoDfwTYjAADbn4,lovely (with Khalid)
,,,Billie Eilish,6qqNVTkY8uBg9cP3Jd7DAH,Brat and it’s completely different but also still brat,36P07bti6xD99o7S1acmin,87,143330,2:23,2024-10-11,https://open.spotify.com/track/0IsIY8pfu1yaGkPUD7pkDx,,0IsIY8pfu1yaGkPUD7pkDx,Guess featuring billie eilish
,,,Billie Eilish,6qqNVTkY8uBg9cP3Jd7DAH,Ocean Eyes,2msN7XBgV3JCjQ7Tq3t7i9,77,200560,3:20,2016-11-18,https://open.spotify.com/track/2uIX8YMNjGMD7441kqyyNU,,2uIX8YMNjGMD7441kqyyNU,ocean eyes
,,,Billie Eilish,6qqNVTkY8uBg9cP3Jd7DAH,"WHEN WE ALL FALL ASLEEP, WHERE DO WE GO?",0S0KGZnfBGSIssfF54WSJh,89,196077,3:16,2019-03-29,https://open.spotify.com/track/43zdsphuZLzwA9k4DJhU0I,,43zdsphuZLzwA9k4DJhU0I,when the party's over
,,,Billie Eilish,6qqNVTkY8uBg9cP3Jd7DAH,"What Was I Made For? [From The Motion Picture ""Barbie""]",3AafSrFIbJPH6BJHiJm1Cd,89,222369,3:42,2023-07-13,https://open.spotify.com/track/6wf7Yu7cxBSPrRlWeSeK0Q,,6wf7Yu7cxBSPrRlWeSeK0Q,"What Was I Made For? [From The Motion Picture ""Barbie""]"
,,,Billie Eilish,6qqNVTkY8uBg9cP3Jd7DAH,HIT ME HARD AND SOFT,7aJuG4TFXa2hmE4z1yxc3n,88,179586,2:59,2024-05-17,https://open.spotify.com/track/629DixmZGHc7ILtEntuiWE,,629DixmZGHc7ILtEntuiWE,LUNCH
,,,Billie Eilish,6qqNVTkY8uBg9cP3Jd7DAH,Guitar Songs,1YPWxMpQEC8kcOuefgXbhj,87,281380,4:41,2022-07-21,https://open.spotify.com/track/3GYlZ7tbxLOxe6ewMNVTkw,,3GYlZ7tbxLOxe6ewMNVTkw,TV
,,,Bruno Mars,0du5cEVh5yTK9QJze8zA0C,MAYHEM,2MHUaRi9OCyTN02SoyRRBJ,91,251667,4:11,2025-03-07,https://open.spotify.com/track/7so0lgd0zP2Sbgs2d7a1SZ,,7so0lgd0zP2Sbgs2d7a1SZ,Die With A Smile
,,,Bruno Mars,0du5cEVh5yTK9QJze8zA0C,rosie,7kFyd5oyJdVX2pIi6P4iHE,89,169917,2:49,2024-12-06,https://open.spotify.com/track/4wJ5Qq0jBN4ajy7ouZIV1c,,4wJ5Qq0jBN4ajy7ouZIV1c,APT.
,,,Bruno Mars,0du5cEVh5yTK9QJze8zA0C,Doo-Wops & Hooligans,1uyf3l2d4XYwiEqAb7t7fX,88,220734,3:40,2010-05-11,https://open.spotify.com/track/7BqBn9nzAq8spo5e7cZ0dJ,,7BqBn9nzAq8spo5e7cZ0dJ,Just the Way You Are
,,,Bruno Mars,0du5cEVh5yTK9QJze8zA0C,Unorthodox Jukebox,58ufpQsJ1DS5kq4hhzQDiI,90,233478,3:53,2012-12-07,https://open.spotify.com/track/3w3y8KPTfNeOKPiqUTakBh,,3w3y8KPTfNeOKPiqUTakBh,Locked out of Heaven
,,,Bruno Mars,0du5cEVh5yTK9QJze8zA0C,Unorthodox Jukebox,58ufpQsJ1DS5kq4hhzQDiI,89,213826,3:33,2012-12-07,https://open.spotify.com/track/0nJW01T7XtvILxQgC5J7Wh,,0nJW01T7XtvILxQgC5J7Wh,When I Was Your Man
,,,Bruno Mars,0du5cEVh5yTK9QJze8zA0C,24K Magic,4PgleR09JVnm3zY1fW3XBA,89,206693,3:26,2016-11-17,https://open.spotify.com/track/0KKkJNfGyhkQ5aFogxQAPU,,0KKkJNfGyhkQ5aFogxQAPU,That's What I Like
,,,Bruno Mars,0du5cEVh5yTK9QJze8zA0C,Doo-Wops & Hooligans,1uyf3l2d4XYwiEqAb7t7fX,85,217866,3:37,2010-05-11,https://open.spotify.com/track/161DnLWsx1i3u1JT05lzqU,,161DnLWsx1i3u1JT05lzqU,Talking to the Moon
,,,Bruno Mars,0du5cEVh5yTK9QJze8zA0C,The Twilight Saga: Breaking Dawn - Part 1 (Original Motion Picture Soundtrack),1iGIqDBXm5HpTqHCvdc4QP,75,257720,4:17,2011-11-04,https://open.spotify.com/track/0RUGuh2uSNFJpGMSsD1F5C,,0RUGuh2uSNFJpGMSsD1F5C,It Will Rain
,,,Bruno Mars,0du5cEVh5yTK9QJze8zA0C,Doo-Wops & Hooligans,1uyf3l2d4XYwiEqAb7t7fX,79,230192,3:50,2010-05-11,https://open.spotify.com/track/22PMfvdz35fFKYnJyMn077,,22PMfvdz35fFKYnJyMn077,Marry You
,,,Bruno Mars,0du5cEVh5yTK9QJze8zA0C,Doo-Wops & Hooligans,1uyf3l2d4XYwiEqAb7t7fX,80,222091,3:42,2010-05-11,https://open.spotify.com/track/2tJulUYLDKOg9XrtVkMgcJ,,2tJulUYLDKOg9XrtVkMgcJ,Grenade
,,,The Weeks,3zE5jV6Uw9hhdWCXM8hS3j,Comeback Cadillac (Expanded Edition),0eVXB62hMGnqtS6npFKIfu,41,317040,5:17,2008-07-08,https://open.spotify.com/track/4UJcBy8d3vzCC8c0dg9oDQ,,4UJcBy8d3vzCC8c0dg9oDQ,Buttons
,,,The Weeks,3zE5jV6Uw9hhdWCXM8hS3j,Dear Bo Jackson,5067bJJCt73eFAUGsDfYXr,38,232360,3:52,2013-07-23,https://open.spotify.com/track/4yEqmVObmekuI16LoISlUw,,4yEqmVObmekuI16LoISlUw,Brother in the Night
,,,The Weeks,3zE5jV6Uw9hhdWCXM8hS3j,Easy,08z7bAacxkvs2DXunhdD6t,35,212333,3:32,2017-04-07,https://open.spotify.com/track/6zez9GvjAScNTo5kR8fjCQ,,6zez9GvjAScNTo5kR8fjCQ,Hands on the Radio
,,,The Weeks,3zE5jV6Uw9hhdWCXM8hS3j,Buttons,0uRpjaSDHEURjqgEMNMfzb,36,217400,3:37,2014-08-05,https://open.spotify.com/track/5xr9JRH84f6FIvGbjlQzAW,,5xr9JRH84f6FIvGbjlQzAW,Buttons
,,,The Weeks,3zE5jV6Uw9hhdWCXM8hS3j,Easy,08z7bAacxkvs2DXunhdD6t,31,268466,4:28,2017-04-07,https://open.spotify.com/track/3bh1KYZegCpidYefdEbGmL,,3bh1KYZegCpidYefdEbGmL,Bottle Rocket
,,,The Weeks,3zE5jV6Uw9hhdWCXM8hS3j,Gutter Gaunt Gangster,73cOdkA89PYmwpNmmh2Py2,29,252600,4:12,2012-09-25,https://open.spotify.com/track/7CELdFGwFUovdX596Nfb4T,,7CELdFGwFUovdX596Nfb4T,The House We Grew up In
,,,The Weeks,3zE5jV6Uw9hhdWCXM8hS3j,Two Moons,4CW4L1icZoBFrW7exxU9ER,26,241560,4:01,2019-09-13,https://open.spotify.com/track/0NQGMrTwaQx1zSFtazV9Tx,,0NQGMrTwaQx1zSFtazV9Tx,Two Moons
,,,The Weeks,3zE5jV6Uw9hhdWCXM8hS3j,Grind Yr Teeth,3DFTng5WuaOegAgSfkiunK,24,183292,3:03,2017-11-17,https://open.spotify.com/track/4qVdqCAy20ty3qkZj6TDq9,,4qVdqCAy20ty3qkZj6TDq9,Grind Yr Teeth
,,,The Weeks,3zE5jV6Uw9hhdWCXM8hS3j,Comeback Cadillac (Expanded Edition),0eVXB62hMGnqtS6npFKIfu,22,248000,4:08,2008-07-08,https://open.spotify.com/track/06vl78XWjIslFs3D2vtAuC,,06vl78XWjIslFs3D2vtAuC,"Hold It, Kid (Your Heart Just Skipped a Beat)"
,,,The Weeks,3zE5jV6Uw9hhdWCXM8hS3j,Easy,08z7bAacxkvs2DXunhdD6t,21,205080,3:25,2017-04-07,https://open.spotify.com/track/7mu7E5l2zmukpnAZrUm5bT,,7mu7E5l2zmukpnAZrUm5bT,Talk Like That
,,,Dua Lipa,6M2wZ9GZgrQXHCFfjv46we,The Lockdown Sessions,7wHczdY0ek3FHnfVhk10om,73,202735,3:22,2021-10-22,https://open.spotify.com/track/7rglLriMNBPAyuJOMGwi39,,7rglLriMNBPAyuJOMGwi39,Cold Heart - PNAU Remix
,,,Dua Lipa,6M2wZ9GZgrQXHCFfjv46we,Future Nostalgia,7fJJK56U9fHixgO0HQkhtI,86,183290,3:03,2020-03-27,https://open.spotify.com/track/3PfIrDoz19wz7qK7tYeu62,,3PfIrDoz19wz7qK7tYeu62,Don't Start Now
,,,Dua Lipa,6M2wZ9GZgrQXHCFfjv46we,Future Nostalgia,5lKlFlReHOLShQKyRv6AL9,86,203064,3:23,2020-03-27,https://open.spotify.com/track/5nujrmhLynf4yMoMtj8AQF,,5nujrmhLynf4yMoMtj8AQF,Levitating (feat. DaBaby)
,,,Dua Lipa,6M2wZ9GZgrQXHCFfjv46we,96 Months,1CfqWSAyfmYzHU9ktHxUqd,79,214846,3:34,2024-08-08,https://open.spotify.com/track/76dIZzTdrNO15mGBrU3MHi,,76dIZzTdrNO15mGBrU3MHi,One Kiss (with Dua Lipa)
,,,Dua Lipa,6M2wZ9GZgrQXHCFfjv46we,Radical Optimism,1Mo92916G2mmG7ajpmSVrc,84,209487,3:29,2024-05-03,https://open.spotify.com/track/5b5cPscqVEMChvDqscVw26,,5b5cPscqVEMChvDqscVw26,Training Season
,,,Dua Lipa,6M2wZ9GZgrQXHCFfjv46we,Dua Lipa (Deluxe),01sfgrNbnnPUEyz6GZYlt9,85,209320,3:29,2017-06-02,https://open.spotify.com/track/2ekn2ttSfGqwhhate0LSR0,,2ekn2ttSfGqwhhate0LSR0,New Rules
,,,Dua Lipa,6M2wZ9GZgrQXHCFfjv46we,Dance The Night (From Barbie The Album),5cH7FqB7JD5q1tJXJ7FHYu,85,176579,2:56,2023-05-25,https://open.spotify.com/track/1vYXt7VSjH9JIM5oRRo7vA,,1vYXt7VSjH9JIM5oRRo7vA,Dance The Night - From Barbie The Album
,,,Dua Lipa,6M2wZ9GZgrQXHCFfjv46we,Radical Optimism,1Mo92916G2mmG7ajpmSVrc,85,185917,3:05,2024-05-03,https://open.spotify.com/track/6D8y7Bck8h11byRY88Pt2z,,6D8y7Bck8h11byRY88Pt2z,Houdini
,,,Dua Lipa,6M2wZ9GZgrQXHCFfjv46we,Ruby,1vWMw6pu3err6qqZzI3RhH,83,184698,3:04,2025-03-07,https://open.spotify.com/track/3gJAFFELdZyIM8tiwLAikg,,3gJAFFELdZyIM8tiwLAikg,Handlebars (feat. Dua Lipa)
,,,Dua Lipa,6M2wZ9GZgrQXHCFfjv46we,Future Nostalgia,7fJJK56U9fHixgO0HQkhtI,84,203807,3:23,2020-03-27,https://open.spotify.com/track/39LLxExYz6ewLAcYrzQQyP,,39LLxExYz6ewLAcYrzQQyP,Levitating
,,,Dua Empat,5dPAU1hj01l7evl47KdU9L,Dua Empat,0nmHEa9VVgpkEAAaAxypqm,22,274166,4:34,2025-06-27,https://open.spotify.com/track/7bIMASM89uHMeqTNfafU9Z,,7bIMASM89uHMeqTNfafU9Z,Isn't It Romantic?
,,,Dua Empat,5dPAU1hj01l7evl47KdU9L,Head in the Clouds,0LnxQwaLnVI2OBOKTSjC98,37,215076,3:35,2021-07-02,https://open.spotify.com/track/4dhAOJ3A9D1pWBgH1fCT6H,,4dhAOJ3A9D1pWBgH1fCT6H,Head in the Clouds
,,,Dua Empat,5dPAU1hj01l7evl47KdU9L,Dua Empat,0nmHEa9VVgpkEAAaAxypqm,20,243625,4:03,2025-06-27,https://open.spotify.com/track/0npPziNNeYJw3PFMLysYNy,,0npPziNNeYJw3PFMLysYNy,My Funny Guy
,,,Dua Empat,5dPAU1hj01l7evl47KdU9L,Two of a Kind,2ClkxUky5wBksrYUcehueD,32,264874,4:24,2017-02-01,https://open.spotify.com/track/1pcDSik37uxrO6AHHkeoGs,,1pcDSik37uxrO6AHHkeoGs,Siladen
,,,Dua Empat,5dPAU1hj01l7evl47KdU9L,Would You Be Mine?,6sfAdQBtM7R1MYfVhPtp7g,32,227830,3:47,2022-02-14,https://open.spotify.com/track/4nXyj91XfduRt8IXp6xQ6M,,4nXyj91XfduRt8IXp6xQ6M,Would You Be Mine?
,,,Dua Empat,5dPAU1hj01l7evl47KdU9L,Two of a Kind,2ClkxUky5wBksrYUcehueD,31,278241,4:38,2017-02-01,https://open.spotify.com/track/0qx3k7TeXLJk9T9QPWNVGX,,0qx3k7TeXLJk9T9QPWNVGX,Piccadilly
,,,Dua Empat,5dPAU1hj01l7evl47KdU9L,Some Of My Best Friends Are Jazz Cats!,5BB5CTtsdEqsPTIZE3b1zu,29,278300,4:38,2023-06-23,https://open.spotify.com/track/2bhcijyxZdnqkSALKa7Xl2,,2bhcijyxZdnqkSALKa7Xl2,I Wish You Love
,,,Dua Empat,5dPAU1hj01l7evl47KdU9L,Seketika,1GdWUTMsQc1VFnh0lbMDkh,30,214520,3:34,2023-07-07,https://open.spotify.com/track/6pblAIwwwCrXhXWI4LHwma,,6pblAIwwwCrXhXWI4LHwma,Seketika
,,,Dua Empat,5dPAU1hj01l7evl47KdU9L,Some Of My Best Friends Are Jazz Cats!,5BB5CTtsdEqsPTIZE3b1zu,28,297600,4:57,2023-06-23,https://open.spotify.com/track/6ZcfZ8dyYySA6xXdykEItF,,6ZcfZ8dyYySA6xXdykEItF,Destination Moon
,,,Dua Empat,5dPAU1hj01l7evl47KdU9L,Dua Empat,0nmHEa9VVgpkEAAaAxypqm,27,199875,3:19,2025-06-27,https://open.spotify.com/track/36rsfY9ByznHgeKPucXBQH,,36rsfY9ByznHgeKPucXBQH,From Friendship to Lovers
,,,SZA,7tYKF4w9nC0nq9CsPZTHyP,SOS,07w0rG5TETcyihsEIZR3qG,90,201800,3:21,2022-12-09,https://open.spotify.com/track/4iZ4pt7kvcaH6Yo8UoZ4s2,,4iZ4pt7kvcaH6Yo8UoZ4s2,Snooze
,,,SZA,7tYKF4w9nC0nq9CsPZTHyP,SOS Deluxe: LANA,3VQkNrG74QPY4rHBPoyZYZ,86,186191,3:06,2024-12-20,https://open.spotify.com/track/040I32EKLxQrkuxQu1pqvT,,040I32EKLxQrkuxQu1pqvT,Saturn
,,,SZA,7tYKF4w9nC0nq9CsPZTHyP,SOS,1nrVofqDRs7cpWXJ49qTnP,86,153946,2:33,2022-12-08,https://open.spotify.com/track/1Qrg8KqiBpW07V7PNxwwwL,,1Qrg8KqiBpW07V7PNxwwwL,Kill Bill
,,,SZA,7tYKF4w9nC0nq9CsPZTHyP,SOS,07w0rG5TETcyihsEIZR3qG,85,278480,4:38,2022-12-09,https://open.spotify.com/track/4PMqSO5qyjpvzhlLI5GnID,,4PMqSO5qyjpvzhlLI5GnID,Good Days
,,,SZA,7tYKF4w9nC0nq9CsPZTHyP,SOS,1nrVofqDRs7cpWXJ49qTnP,85,239613,3:59,2022-12-08,https://open.spotify.com/track/6koKhrBBcExADvWuOgceNZ,,6koKhrBBcExADvWuOgceNZ,Open Arms (feat. Travis Scott)
,,,SZA,7tYKF4w9nC0nq9CsPZTHyP,Planet Her,1nAQbHeOWTfQzbOoFrvndW,87,208666,3:28,2021-06-25,https://open.spotify.com/track/3DarAbFujv6eYNliUTyqtz,,3DarAbFujv6eYNliUTyqtz,Kiss Me More (feat. SZA)
,,,SZA,7tYKF4w9nC0nq9CsPZTHyP,SOS,07w0rG5TETcyihsEIZR3qG,86,180853,3:00,2022-12-09,https://open.spotify.com/track/5Y35SjAfXjjG0sFQ3KOxmm,,5Y35SjAfXjjG0sFQ3KOxmm,Nobody Gets Me
,,,SZA,7tYKF4w9nC0nq9CsPZTHyP,SOS Deluxe: LANA,3VQkNrG74QPY4rHBPoyZYZ,86,180746,3:00,2024-12-20,https://open.spotify.com/track/3U3hFkMr0Q90pD24EkE3Pr,,3U3hFkMr0Q90pD24EkE3Pr,BMF
,,,Bad Bunny,4q3ewBCX7sLwd24euuV69X,DeBÍ TiRAR MáS FOToS,5K79FLRUCSysQnVESLcTdb,97,237117,3:57,2025-01-05,https://open.spotify.com/track/3sK8wGT43QFpWrvNQsrQya,,3sK8wGT43QFpWrvNQsrQya,DtMF
,,,Bad Bunny,4q3ewBCX7sLwd24euuV69X,DeBÍ TiRAR MáS FOToS,5K79FLRUCSysQnVESLcTdb,95,367725,6:07,2025-01-05,https://open.spotify.com/track/2lTm559tuIvatlT1u0JYG2,,2lTm559tuIvatlT1u0JYG2,BAILE INoLVIDABLE
,,,Bad Bunny,4q3ewBCX7sLwd24euuV69X,DeBÍ TiRAR MáS FOToS,5K79FLRUCSysQnVESLcTdb,94,204768,3:24,2025-01-05,https://open.spotify.com/track/6J5kc12BW5HuP3d7C3vvx8,,6J5kc12BW5HuP3d7C3vvx8,EoO
,,,Bad Bunny,4q3ewBCX7sLwd24euuV69X,DeBÍ TiRAR MáS FOToS,5K79FLRUCSysQnVESLcTdb,93,183685,3:03,2025-01-05,https://open.spotify.com/track/5TFD2bmFKGhoCRbX61nXY5,,5TFD2bmFKGhoCRbX61nXY5,NUEVAYoL
,,,Bad Bunny,4q3ewBCX7sLwd24euuV69X,DeBÍ TiRAR MáS FOToS,5K79FLRUCSysQnVESLcTdb,92,156364,2:36,2025-01-05,https://open.spotify.com/track/59D4DOkspUbWyMmbAPQkxZ,,59D4DOkspUbWyMmbAPQkxZ,VOY A LLeVARTE PA PR
,,,Bad Bunny,4q3ewBCX7sLwd24euuV69X,DeBÍ TiRAR MáS FOToS,5K79FLRUCSysQnVESLcTdb,92,235336,3:55,2025-01-05,https://open.spotify.com/track/7d6yK8v8J484SWH5prIQiE,,7d6yK8v8J484SWH5prIQiE,VeLDÁ
,,,Bad Bunny,4q3ewBCX7sLwd24euuV69X,Cosa Nuestra,0aX0UXrHG2ceYIxTQcqJdA,91,191018,3:11,2024-11-15,https://open.spotify.com/track/0l0vcZMU7AOeQmUIREoI2U,,0l0vcZMU7AOeQmUIREoI2U,Qué Pasaría...
,,,Bad Bunny,4q3ewBCX7sLwd24euuV69X,OASIS,6ylFfzx32ICw4L1A7YWNLN,90,242573,4:02,2019-06-28,https://open.spotify.com/track/0fea68AdmYNygeTGI4RC18,,0fea68AdmYNygeTGI4RC18,LA CANCIÓN
,,,Bad Bunny,4q3ewBCX7sLwd24euuV69X,DeBÍ TiRAR MáS FOToS,5K79FLRUCSysQnVESLcTdb,90,199114,3:19,2025-01-05,https://open.spotify.com/track/4MUrUT38U98olfnyzMBCzm,,4MUrUT38U98olfnyzMBCzm,KLOuFRENS
,,,Bad Bunny,4q3ewBCX7sLwd24euuV69X,DeBÍ TiRAR MáS FOToS,5K79FLRUCSysQnVESLcTdb,88,187507,3:07,2025-01-05,https://open.spotify.com/track/5WEF0icHWmAZBBMglBd599,,5WEF0icHWmAZBBMglBd599,WELTiTA
,,,DJ BAD BUNNY,2iy04gCg6eF6AKZfDhGhhW,CONTIGO,3GoTqCy2RNNpEX33ZcysQX,28,177371,2:57,2025-05-04,https://open.spotify.com/track/4k8Jmu9vRgSQ8rrh9JJ47A,,4k8Jmu9vRgSQ8rrh9JJ47A,CONTIGO
,,,DJ BAD BUNNY,2iy04gCg6eF6AKZfDhGhhW,LA FOTO,1rOmDGusSbU0ToRbfMwnqG,27,155506,2:35,2025-05-04,https://open.spotify.com/track/1dJ7BeoicsX6IjbtrRhiSr,,1dJ7BeoicsX6IjbtrRhiSr,LA FOTO
,,,DJ BAD BUNNY,2iy04gCg6eF6AKZfDhGhhW,COMO ANTES,1lvcaMXJqujOTDK6tlA9T3,27,154697,2:34,2025-05-10,https://open.spotify.com/track/108cLfJYpYz9luYij42jWF,,108cLfJYpYz9luYij42jWF,COMO ANTES
,,,DJ BAD BUNNY,2iy04gCg6eF6AKZfDhGhhW,TE ROBE,3IjQuImaaC5qwU2hJnDpR5,27,144039,2:24,2025-05-08,https://open.spotify.com/track/37n4Af1cVOxagGPO7LMYh4,,37n4Af1cVOxagGPO7LMYh4,TE ROBE
,,,DJ BAD BUNNY,2iy04gCg6eF6AKZfDhGhhW,CABALLERO,311u20GvS67qfXSr1mx6Yq,27,168045,2:48,2025-05-08,https://open.spotify.com/track/36rVr6OIhV0mWsGJBaeYAR,,36rVr6OIhV0mWsGJBaeYAR,CABALLERO
,,,DJ BAD BUNNY,2iy04gCg6eF6AKZfDhGhhW,AMANECE,0Sf1bA33NSq00wyfUsmoYY,27,157283,2:37,2025-05-04,https://open.spotify.com/track/4glfq611PUcoRplmHNvJrs,,4glfq611PUcoRplmHNvJrs,AMANECE
,,,DJ BAD BUNNY,2iy04gCg6eF6AKZfDhGhhW,EVA,4X0OWWjP2jQn0IYxAnwAjN,27,161358,2:41,2025-05-10,https://open.spotify.com/track/1aFlkFZrbmFa8FuvmE1tJ7,,1aFlkFZrbmFa8FuvmE1tJ7,EVA
,,,DJ BAD BUNNY,2iy04gCg6eF6AKZfDhGhhW,HP,6VxEXA9K0YkHmWxN0oyNqd,27,163787,2:43,2025-05-10,https://open.spotify.com/track/6rC1QEcC2iXrdtrtEU76Fc,,6rC1QEcC2iXrdtrtEU76Fc,HP
,,,DJ BAD BUNNY,2iy04gCg6eF6AKZfDhGhhW,ESFERA,6rmFASDBZpHCPEOJOkGtfL,27,149133,2:29,2025-05-08,https://open.spotify.com/track/4JzOijpSyga6C89dPyfxn9,,4JzOijpSyga6C89dPyfxn9,ESFERA
,,,DJ BAD BUNNY,2iy04gCg6eF6AKZfDhGhhW,TU JUEGO,17kyoH7JnZh9RnRc4mK0jk,27,169613,2:49,2025-05-08,https://open.spotify.com/track/44blUJthI0f2Z8doB5zfei,,44blUJthI0f2Z8doB5zfei,TU JUEGO
,,,Justin Bieber,1uNFoZAHBGtllmzznpCI3s,Believe,5cxMa6oLINJzmZ8lF7wWQN,86,227986,3:47,2012-01-01,https://open.spotify.com/track/6QFCMUUq1T2Vf5sFUXcuQ7,,6QFCMUUq1T2Vf5sFUXcuQ7,Beauty And A Beat
,,,Justin Bieber,1uNFoZAHBGtllmzznpCI3s,Purpose (Deluxe),6Fr2rQkZ383FcMqFyT7yPr,88,200786,3:20,2015-11-13,https://open.spotify.com/track/09CtPGIpYB4BrO8qb1RGsF,,09CtPGIpYB4BrO8qb1RGsF,Sorry
,,,Justin Bieber,1uNFoZAHBGtllmzznpCI3s,Purpose (Deluxe),6Fr2rQkZ383FcMqFyT7yPr,87,233720,3:53,2015-11-13,https://open.spotify.com/track/50kpGaPAhYJ3sGmk6vplg0,,50kpGaPAhYJ3sGmk6vplg0,Love Yourself
,,,Justin Bieber,1uNFoZAHBGtllmzznpCI3s,F*CK LOVE 3+: OVER YOU,576UTio7xgY7YUxrHMzxeI,83,141805,2:21,2021-07-27,https://open.spotify.com/track/567e29TDzLwZwfDuEpGTwo,,567e29TDzLwZwfDuEpGTwo,STAY (with Justin Bieber)
,,,Justin Bieber,1uNFoZAHBGtllmzznpCI3s,Journals,1rknZw4cyL9NInAqSwc8AA,87,248133,4:08,2014-05-13,https://open.spotify.com/track/3JsydWaf2Ev4ehaLUjj3SY,,3JsydWaf2Ev4ehaLUjj3SY,Confident
,,,Justin Bieber,1uNFoZAHBGtllmzznpCI3s,Justice,5dGWwsZ9iB2Xc3UKR0gif2,86,153190,2:33,2021-03-19,https://open.spotify.com/track/6I3mqTwhRpn34SLVafSH7G,,6I3mqTwhRpn34SLVafSH7G,Ghost
,,,Justin Bieber,1uNFoZAHBGtllmzznpCI3s,My World 2.0,3BmcYMh0KYsimWL6p2gPa9,87,214240,3:34,2010-01-01,https://open.spotify.com/track/6epn3r7S14KUqlReYr77hA,,6epn3r7S14KUqlReYr77hA,Baby
,,,Justin Bieber,1uNFoZAHBGtllmzznpCI3s,Purpose (Deluxe),6Fr2rQkZ383FcMqFyT7yPr,85,205680,3:25,2015-11-13,https://open.spotify.com/track/4B0JvthVoAAuygILe3n4Bs,,4B0JvthVoAAuygILe3n4Bs,What Do You Mean?
,,,Justin Bieber,1uNFoZAHBGtllmzznpCI3s,Playlist for Gamers,7zdGgPQSqb6FOBneFI23y0,63,194839,3:14,2021-08-18,https://open.spotify.com/track/69u7FJV6RIbQS3VuqLPSwl,,69u7FJV6RIbQS3VuqLPSwl,bad guy
,,,Justin Timberlake,31TPClRtHm23RisEBtV3X7,FutureSex/LoveSounds,2scB1uhcCI1TSf6b9TCZK3,86,242733,4:02,2006-09-12,https://open.spotify.com/track/0O45fw2L5vsWpdsOdXwNAR,,0O45fw2L5vsWpdsOdXwNAR,SexyBack (feat. Timbaland)
,,,Justin Timberlake,31TPClRtHm23RisEBtV3X7,Justified,6QPkyl04rXwTGlGlcYaRoW,86,267266,4:27,2002-11-04,https://open.spotify.com/track/1AWQoqb9bSvzTjaLralEkT,,1AWQoqb9bSvzTjaLralEkT,Rock Your Body
,,,Justin Timberlake,31TPClRtHm23RisEBtV3X7,The 20/20 Experience (Deluxe Version),0O82niJ0NpcptYRxogeEZu,86,484146,8:04,2013-03-15,https://open.spotify.com/track/4rHZZAmHpZrA3iH5zx8frV,,4rHZZAmHpZrA3iH5zx8frV,Mirrors
,,,Justin Timberlake,31TPClRtHm23RisEBtV3X7,TROLLS (Original Motion Picture Soundtrack),65ayND23IInUPHJKsaAqe7,77,237546,3:57,2016-09-23,https://open.spotify.com/track/1WkMMavIMc4JZ8cfMmxHkI,,1WkMMavIMc4JZ8cfMmxHkI,"CAN'T STOP THE FEELING! (from DreamWorks Animation's ""TROLLS"")"
,,,Justin Timberlake,31TPClRtHm23RisEBtV3X7,FutureSex/LoveSounds Deluxe Edition,0tcExuDWMQdBbwSpqN8Ku2,83,276160,4:36,2006-09-13,https://open.spotify.com/track/4NeOWqHmlrGRuBvsLJC9rL,,4NeOWqHmlrGRuBvsLJC9rL,My Love (feat. T.I.)
,,,Justin Timberlake,31TPClRtHm23RisEBtV3X7,FutureSex/LoveSounds,2scB1uhcCI1TSf6b9TCZK3,81,448573,7:28,2006-09-12,https://open.spotify.com/track/3pD0f7hSJg2XdQ6udw5Tey,,3pD0f7hSJg2XdQ6udw5Tey,What Goes Around.../...Comes Around (Interlude)
,,,Justin Timberlake,31TPClRtHm23RisEBtV3X7,Justified,6QPkyl04rXwTGlGlcYaRoW,81,288333,4:48,2002-11-04,https://open.spotify.com/track/7Lf7oSEVdzZqTA0kEDSlS5,,7Lf7oSEVdzZqTA0kEDSlS5,Cry Me a River
,,,Justin Timberlake,31TPClRtHm23RisEBtV3X7,FutureSex/LoveSounds,2scB1uhcCI1TSf6b9TCZK3,79,252973,4:12,2006-09-12,https://open.spotify.com/track/1MBM7CyZbwJpVbbZJnHHRg,,1MBM7CyZbwJpVbbZJnHHRg,Summer Love
,,,Justin Timberlake,31TPClRtHm23RisEBtV3X7,XSCAPE,7pomP86PUhoJpY3fsC0WDQ,76,246026,4:06,2014-05-09,https://open.spotify.com/track/48td6xvpokdYwvbl3JIiXP,,48td6xvpokdYwvbl3JIiXP,Love Never Felt So Good
,,,Justin Timberlake,31TPClRtHm23RisEBtV3X7,Man of the Woods,01l3jTY261V3CESZR4dABz,74,278893,4:38,2018-02-02,https://open.spotify.com/track/1LhMopPAallLeaeNutqbgS,,1LhMopPAallLeaeNutqbgS,Say Something (feat. Chris Stapleton)
,,,Beyoncé,6vWDO969PvNqNYHIOW5v0m,Dangerously In Love,6oxVabMIqCMJRYN1GqR3Vf,83,236133,3:56,2003-06-24,https://open.spotify.com/track/5IVuqXILoxVWvWEPm82Jxr,,5IVuqXILoxVWvWEPm82Jxr,Crazy In Love (feat. JAY-Z)
,,,Beyoncé,6vWDO969PvNqNYHIOW5v0m,I AM...SASHA FIERCE,23Y5wdyP5byMFktZf8AcWU,70,261640,4:21,2008-11-14,https://open.spotify.com/track/3ERa3mEeOnrh2Mc47qM6T1,,3ERa3mEeOnrh2Mc47qM6T1,Halo
,,,Beyoncé,6vWDO969PvNqNYHIOW5v0m,COWBOY CARTER,6BzxX6zkDsYKFJ04ziU5xQ,78,233456,3:53,2024-03-29,https://open.spotify.com/track/7wLShogStyDeZvL0a6daN5,,7wLShogStyDeZvL0a6daN5,TEXAS HOLD 'EM
,,,Beyoncé,6vWDO969PvNqNYHIOW5v0m,I AM...SASHA FIERCE,23Y5wdyP5byMFktZf8AcWU,77,200613,3:20,2008-11-14,https://open.spotify.com/track/5Ssv6DaKrW0HczVqx6zXdl,,5Ssv6DaKrW0HczVqx6zXdl,Diva
,,,Beyoncé,6vWDO969PvNqNYHIOW5v0m,I AM...SASHA FIERCE,23Y5wdyP5byMFktZf8AcWU,69,193213,3:13,2008-11-14,https://open.spotify.com/track/2ZBNclC5wm4GtiWaeh0DMx,,2ZBNclC5wm4GtiWaeh0DMx,Single Ladies (Put a Ring on It)
,,,Beyoncé,6vWDO969PvNqNYHIOW5v0m,I AM...SASHA FIERCE,23Y5wdyP5byMFktZf8AcWU,71,249146,4:09,2008-11-14,https://open.spotify.com/track/26NX1wPt1TRCH536yocd6i,,26NX1wPt1TRCH536yocd6i,If I Were a Boy
,,,Beyoncé,6vWDO969PvNqNYHIOW5v0m,B'Day,77eZ5eMEh3U0KWricrbevO,73,227666,3:47,2006-09-04,https://open.spotify.com/track/1G7DcLzPnopdZjLkev0K4e,,1G7DcLzPnopdZjLkev0K4e,Irreplaceable
,,,Beyoncé,6vWDO969PvNqNYHIOW5v0m,Lemonade,7dK54iZuOxXFarGhXwEXfF,80,322000,5:22,2016-04-23,https://open.spotify.com/track/7oAuqs6akGnPU3Tb00ZmyM,,7oAuqs6akGnPU3Tb00ZmyM,All Night
,,,Beyoncé,6vWDO969PvNqNYHIOW5v0m,RENAISSANCE,6FJxoadUE4JNVwWHghBwnb,80,225388,3:45,2022-07-29,https://open.spotify.com/track/1xzi1Jcr7mEi9K2RfzLOqS,,1xzi1Jcr7mEi9K2RfzLOqS,CUFF IT
,,,Beyoncé,6vWDO969PvNqNYHIOW5v0m,4,1gIC63gC3B7o7FfpPACZQJ,78,267413,4:27,2011-06-24,https://open.spotify.com/track/1z6WtY7X4HQJvzxC4UgkSf,,1z6WtY7X4HQJvzxC4UgkSf,Love On Top
,,,Rihanna,5pKCCKE2ajJHZ9KAiaK11H,Talk That Talk,2g1EakEaW7fPTZC6vBmBCn,86,215226,3:35,2011-11-18,https://open.spotify.com/track/6qn9YLKt13AGvpq9jfO8py,,6qn9YLKt13AGvpq9jfO8py,We Found Love
,,,Rihanna,5pKCCKE2ajJHZ9KAiaK11H,Loud (Japan Version),5QG3tjE5L9F6O2vCAPph38,88,235493,3:55,2010-01-01,https://open.spotify.com/track/2ENexcMEMsYk0rVJigVD3i,,2ENexcMEMsYk0rVJigVD3i,Only Girl (In The World)
,,,Rihanna,5pKCCKE2ajJHZ9KAiaK11H,Good Girl Gone Bad,4OXnPSBtZo8PBFiTOfuumP,78,267080,4:27,2007-01-01,https://open.spotify.com/track/1Jo0Zg7XlrA6z0mFTZVdkn,,1Jo0Zg7XlrA6z0mFTZVdkn,Don't Stop The Music
,,,Rihanna,5pKCCKE2ajJHZ9KAiaK11H,Good Girl Gone Bad,4OXnPSBtZo8PBFiTOfuumP,77,200573,3:20,2007-01-01,https://open.spotify.com/track/5EcG8eMMlwkHRVa4aTR1qd,,5EcG8eMMlwkHRVa4aTR1qd,Breakin' Dishes
,,,Rihanna,5pKCCKE2ajJHZ9KAiaK11H,Good Girl Gone Bad,4OXnPSBtZo8PBFiTOfuumP,77,275986,4:35,2007-01-01,https://open.spotify.com/track/2yPoXCs7BSIUrucMdK5PzV,,2yPoXCs7BSIUrucMdK5PzV,Umbrella
,,,Rihanna,5pKCCKE2ajJHZ9KAiaK11H,96 Months,1CfqWSAyfmYzHU9ktHxUqd,84,221900,3:41,2024-08-08,https://open.spotify.com/track/2vlDrKpOC0eSTqTDRcbYyw,,2vlDrKpOC0eSTqTDRcbYyw,This Is What You Came For
,,,Rihanna,5pKCCKE2ajJHZ9KAiaK11H,Loud (Japan Version),5QG3tjE5L9F6O2vCAPph38,86,243600,4:03,2010-01-01,https://open.spotify.com/track/7ySUcLPVX7KudhnmNcgY2D,,7ySUcLPVX7KudhnmNcgY2D,S&M
,,,Rihanna,5pKCCKE2ajJHZ9KAiaK11H,ANTI (Deluxe),4UlGauD7ROb3YbVOFMgW5u,87,224000,3:44,2016-01-28,https://open.spotify.com/track/5oO3drDxtziYU2H1X23ZIp,,5oO3drDxtziYU2H1X23ZIp,Love On The Brain
,,,Rihanna,5pKCCKE2ajJHZ9KAiaK11H,Unapologetic (Edited Version),0T23GvNaBUGtMKxZko8LQG,76,240706,4:00,2012-01-01,https://open.spotify.com/track/789CxjEOtO76BVD1A9yJQH,,789CxjEOtO76BVD1A9yJQH,Stay
,,,Rihanna,5pKCCKE2ajJHZ9KAiaK11H,Unapologetic (Edited Version),0T23GvNaBUGtMKxZko8LQG,76,225146,3:45,2012-01-01,https://open.spotify.com/track/1z9kQ14XBSN0r2v6fx4IdG,,1z9kQ14XBSN0r2v6fx4IdG,Diamonds
,,,Mc Beyonce,7vbtWyaqcB8RlHqqIKlHCU,Fala Mal de Mim,6pu6Blz44nM7Ifg7HVyX3c,55,194795,3:14,2012-12-12,https://open.spotify.com/track/217ovfMlicUkrnZsxtjPh2,,217ovfMlicUkrnZsxtjPh2,Fala Mal de Mim
,,,Mc Beyonce,7vbtWyaqcB8RlHqqIKlHCU,Montagem Atormenta Mente,06D0gLYdhi1SQ9ladjHccY,19,131980,2:11,2024-08-04,https://open.spotify.com/track/68QtCyXGLA7m2pyxRHmi9F,,68QtCyXGLA7m2pyxRHmi9F,Montagem Atormenta Mente
,,,Rhiannon Giddens,1EI0NtLHoh9KBziYCeN1vM,Forever Young (From NBC's Parenthood),6Q7WssoFXDJoqNEkn8LnWN,59,261370,4:21,2015-01-30,https://open.spotify.com/track/0QYgtwYCftkAqunXmvkZtr,,0QYgtwYCftkAqunXmvkZtr,Forever Young - From NBC's Parenthood
,,,Rhiannon Giddens,1EI0NtLHoh9KBziYCeN1vM,The Music of Red Dead Redemption 2 (Original Soundtrack),5Oli3gQJrHdahY7FDEoofW,58,161960,2:41,2019-07-12,https://open.spotify.com/track/2VCeQfecKMpctfC5zdgyWO,,2VCeQfecKMpctfC5zdgyWO,Mountain Banjo
,,,Rhiannon Giddens,1EI0NtLHoh9KBziYCeN1vM,Sinners (Original Motion Picture Soundtrack),0zjAqh1Fr7XQWy1SlzGhMn,55,217746,3:37,2025-04-18,https://open.spotify.com/track/0olIEZlnzkF1AZ4bcmWK9K,,0olIEZlnzkF1AZ4bcmWK9K,Old Corn Liquor
,,,Rhiannon Giddens,1EI0NtLHoh9KBziYCeN1vM,The Music of Red Dead Redemption 2 (Original Soundtrack),5Oli3gQJrHdahY7FDEoofW,54,238826,3:58,2019-07-12,https://open.spotify.com/track/6wMkJ6KmhuN1oe1Kvtz7PN,,6wMkJ6KmhuN1oe1Kvtz7PN,Mountain Hymn
,,,Rhiannon Giddens,1EI0NtLHoh9KBziYCeN1vM,The Music of Red Dead Redemption 2 (Original Soundtrack),5Oli3gQJrHdahY7FDEoofW,52,227213,3:47,2019-07-12,https://open.spotify.com/track/7cqWFAUdvAs0cBu3dIXu58,,7cqWFAUdvAs0cBu3dIXu58,Moonlight
,,,Rhiannon Giddens,1EI0NtLHoh9KBziYCeN1vM,What Did the Blackbird Say to the Crow,27X6vmJ0YmKi9ydl0aM65m,44,148889,2:28,2025-04-18,https://open.spotify.com/track/1vZwn9shBmyZfoorT4zxi4,,1vZwn9shBmyZfoorT4zxi4,Rain Crow
,,,Rhiannon Giddens,1EI0NtLHoh9KBziYCeN1vM,Freedom Highway,1CVuPxNHwY5ORJ8MhjD0UB,43,256560,4:16,2017-02-24,https://open.spotify.com/track/5RmAtT0VaKttU0Eybo6ZWA,,5RmAtT0VaKttU0Eybo6ZWA,At the Purchaser's Option
,,,Rhiannon Giddens,1EI0NtLHoh9KBziYCeN1vM,there is no Other (with Francesco Turrisi) [Deluxe Version],6KI61E4x5f95xVkhly783t,42,287417,4:47,2019-05-03,https://open.spotify.com/track/2njguLBr2BLfsRdHtg3WmT,,2njguLBr2BLfsRdHtg3WmT,Wayfaring Stranger (with Francesco Turrisi)
,,,Rhiannon Giddens,1EI0NtLHoh9KBziYCeN1vM,Just the Two of Us (feat. Sxip Shirey),5XpoHGze4knmT8SZ85l9dH,40,306076,5:06,2020-05-07,https://open.spotify.com/track/0b8ApkdViUi5kINTkngEbn,,0b8ApkdViUi5kINTkngEbn,Just the Two of Us (feat. Sxip Shirey)
,,,Rhiannon Giddens,1EI0NtLHoh9KBziYCeN1vM,What Did the Blackbird Say to the Crow,27X6vmJ0YmKi9ydl0aM65m,38,148187,2:28,2025-04-18,https://open.spotify.com/track/4gSgRnqi7f90hMPN69TBTo,,4gSgRnqi7f90hMPN69TBTo,Going to Raleigh
,,,Rihanna Shepherd,1Y1SeMq5T5Rj953tsDWPCL,Found You,3c1XonQiksiJa2IdOQioan,19,146440,2:26,2020-03-05,https://open.spotify.com/track/33nVIHuCGHc47q25ghyouj,,33nVIHuCGHc47q25ghyouj,Diamond
,,,Rihanna Shepherd,1Y1SeMq5T5Rj953tsDWPCL,Found You,3c1XonQiksiJa2IdOQioan,9,132413,2:12,2020-03-05,https://open.spotify.com/track/3uuNI5ELr0SRI1ttBEmmDx,,3uuNI5ELr0SRI1ttBEmmDx,X Love
,,,Rihanna Shepherd,1Y1SeMq5T5Rj953tsDWPCL,Found You,3c1XonQiksiJa2IdOQioan,3,149482,2:29,2020-03-05,https://open.spotify.com/track/6BOEPen66uSEXDKPRIbgsy,,6BOEPen66uSEXDKPRIbgsy,Ripple
,,,Rihanna Shepherd,1Y1SeMq5T5Rj953tsDWPCL,Found You,3c1XonQiksiJa2IdOQioan,2,146440,2:26,2020-03-05,https://open.spotify.com/track/0RZpjwuvlz5cGgDifH5zqY,,0RZpjwuvlz5cGgDifH5zqY,Whats Up
,,,Rihanna Shepherd,1Y1SeMq5T5Rj953tsDWPCL,Found You,3c1XonQiksiJa2IdOQioan,2,132413,2:12,2020-03-05,https://open.spotify.com/track/2c4tYpuubZNMqTeVcswKsi,,2c4tYpuubZNMqTeVcswKsi,Whatever
,,,Rihanna Shepherd,1Y1SeMq5T5Rj953tsDWPCL,Found You,3c1XonQiksiJa2IdOQioan,1,130169,2:10,2020-03-05,https://open.spotify.com/track/1jiL8onJG2scIOS5Ga72dN,,1jiL8onJG2scIOS5Ga72dN,Found You
,,,Eminem,7dGJo4pcD2V6oG8kP0tJRR,The Eminem Show,2cWBwpqMsDJC1ZUwz813lo,90,290320,4:50,2002-05-26,https://open.spotify.com/track/7lQ8MOhq6IN2w8EYcFNSUk,,7lQ8MOhq6IN2w8EYcFNSUk,Without Me
,,,Eminem,7dGJo4pcD2V6oG8kP0tJRR,Curtain Call: The Hits (Deluxe Edition),5qENHeCSlwWpEzb25peRmQ,81,326466,5:26,2005-12-06,https://open.spotify.com/track/5Z01UMMf7V1o0MzF86s6WJ,,5Z01UMMf7V1o0MzF86s6WJ,Lose Yourself
,,,Eminem,7dGJo4pcD2V6oG8kP0tJRR,Encore (Deluxe Version),1kTlYbs28MXw7hwO0NLYif,88,250760,4:10,2004-11-12,https://open.spotify.com/track/561jH07mF1jHuk7KlaeF0s,,561jH07mF1jHuk7KlaeF0s,Mockingbird
,,,Eminem,7dGJo4pcD2V6oG8kP0tJRR,The Marshall Mathers LP,6t7956yu5zYf5A829XRiHC,88,284200,4:44,2000-05-23,https://open.spotify.com/track/3yfqSUWxFvZELEM4PmlwIR,,3yfqSUWxFvZELEM4PmlwIR,The Real Slim Shady
,,,Eminem,7dGJo4pcD2V6oG8kP0tJRR,Recovery,47BiFcV59TQi2s9SkBo2pb,88,263373,4:23,2010-06-18,https://open.spotify.com/track/15JINEqzVMv3SvJTAXAKED,,15JINEqzVMv3SvJTAXAKED,Love The Way You Lie
,,,Eminem,7dGJo4pcD2V6oG8kP0tJRR,The Eminem Show,2cWBwpqMsDJC1ZUwz813lo,87,297786,4:57,2002-05-26,https://open.spotify.com/track/4xkOaSrkexMciUUogZKVTS,,4xkOaSrkexMciUUogZKVTS,Till I Collapse
,,,Eminem,7dGJo4pcD2V6oG8kP0tJRR,The Eminem Show,2cWBwpqMsDJC1ZUwz813lo,85,350320,5:50,2002-05-26,https://open.spotify.com/track/4woTEX1wYOTGDqNXuavlRC,,4woTEX1wYOTGDqNXuavlRC,Superman
,,,Eminem,7dGJo4pcD2V6oG8kP0tJRR,Music To Be Murdered By,4otkd9As6YaxxEkIjXPiZ6,84,210800,3:30,2020-01-17,https://open.spotify.com/track/7FIWs0pqAYbP91WWM0vlTQ,,7FIWs0pqAYbP91WWM0vlTQ,Godzilla (feat. Juice WRLD)
,,,Eminem,7dGJo4pcD2V6oG8kP0tJRR,The Death of Slim Shady (Coup De Grâce),3kjHLu1pL7tdY88GFwEkl6,78,227032,3:47,2024-07-12,https://open.spotify.com/track/1CDQzbCz4KSQxHe7LMEgRM,,1CDQzbCz4KSQxHe7LMEgRM,Houdini
,,,Eminem,7dGJo4pcD2V6oG8kP0tJRR,The Marshall Mathers LP,6t7956yu5zYf5A829XRiHC,83,404106,6:44,2000-05-23,https://open.spotify.com/track/3UmaczJpikHgJFyBTAJVoz,,3UmaczJpikHgJFyBTAJVoz,Stan
,,,Eminem,16SfgOBulDFXWORWr5d3qq,Oyun Senin,4kCYx99W9vEMLQibpca2o8,1,244880,4:04,2003-10-06,https://open.spotify.com/track/1Advoi17l5taklWtnDIwSD,,1Advoi17l5taklWtnDIwSD,Çöpçüler
,,,Eminem,16SfgOBulDFXWORWr5d3qq,Hangi Yürek Hangi Bilek,4EK36TByohW9BvxgXeVLBH,0,220911,3:40,2025-05-31,https://open.spotify.com/track/4OyPUUIEOfeYCpC4JrHWlp,,4OyPUUIEOfeYCpC4JrHWlp,Hangi Yürek Hangi Bilek
,,,Eminem,16SfgOBulDFXWORWr5d3qq,Karaduta Yaslandım (Al Yarim - Bahçenizde Gül Varmı),7E5S1e2bLc8OdkIR6hMmUp,0,354000,5:54,2023-05-16,https://open.spotify.com/track/28gU5zcgi8sqCO9afhE7qY,,28gU5zcgi8sqCO9afhE7qY,Karaduta Yaslandım - Al Yarim - Bahçenizde Gül Varmı
,,,Eminem,16SfgOBulDFXWORWr5d3qq,Oyun Senin,4kCYx99W9vEMLQibpca2o8,0,258440,4:18,2003-10-06,https://open.spotify.com/track/1u5ZZB0rlTsL5cRbsiepnY,,1u5ZZB0rlTsL5cRbsiepnY,Git
,,,Eminem,16SfgOBulDFXWORWr5d3qq,Oyun Senin,4kCYx99W9vEMLQibpca2o8,0,260626,4:20,2003-10-06,https://open.spotify.com/track/6ewSn47d6oXhZqigNZGNkw,,6ewSn47d6oXhZqigNZGNkw,Kara Gözlerindeyim
,,,Eminem,16SfgOBulDFXWORWr5d3qq,Oyun Senin,4kCYx99W9vEMLQibpca2o8,0,299826,4:59,2003-10-06,https://open.spotify.com/track/77PcR5tXBiXpAytNybCVP0,,77PcR5tXBiXpAytNybCVP0,Evlenmeden Olmaz
,,,Eminem,16SfgOBulDFXWORWr5d3qq,Oyun Senin,4kCYx99W9vEMLQibpca2o8,0,275440,4:35,2003-10-06,https://open.spotify.com/track/1jYpPlhUy1Jgfq6SzIs15Y,,1jYpPlhUy1Jgfq6SzIs15Y,Oyun Senin
,,,Eminem,16SfgOBulDFXWORWr5d3qq,Oyun Senin,4kCYx99W9vEMLQibpca2o8,0,329266,5:29,2003-10-06,https://open.spotify.com/track/39XWyMyFiTJMKmXMt9FhCw,,39XWyMyFiTJMKmXMt9FhCw,Ağlama Annem
,,,Eminem,16SfgOBulDFXWORWr5d3qq,Oyun Senin,4kCYx99W9vEMLQibpca2o8,0,245466,4:05,2003-10-06,https://open.spotify.com/track/19JK2nehVdPUF65Ijn3t8B,,19JK2nehVdPUF65Ijn3t8B,Evire Çevire
,,,Eminem,16SfgOBulDFXWORWr5d3qq,Oyun Senin,4kCYx99W9vEMLQibpca2o8,0,264453,4:24,2003-10-06,https://open.spotify.com/track/0yNBJmdRtiI2XDiEuLd7ct,,0yNBJmdRtiI2XDiEuLd7ct,Yaz Tahtaya
,,,La Eminencia,1Mkc7HxpbpZL1v9gGwCkj4,Live Studio Sessions,538lQ5SSQPPhviv92TNcYW,54,357273,5:57,2022-02-09,https://open.spotify.com/track/6vnFsmWZG5dk19yggc4Wjf,,6vnFsmWZG5dk19yggc4Wjf,Popurri De Cumbias Bravas
,,,La Eminencia,1Mkc7HxpbpZL1v9gGwCkj4,Popurri De Cumbias,7HlwgAZ2JRKIjRCFeWUYXQ,51,409427,6:49,2020-12-29,https://open.spotify.com/track/318axUBQNlLKRPkDbyx54T,,318axUBQNlLKRPkDbyx54T,Popurri De Cumbias
,,,La Eminencia,1Mkc7HxpbpZL1v9gGwCkj4,Fue en un Cafe el Amor de Mi Vida,6ZPRQXAs7Byw53QBKmhnqd,46,160646,2:40,2018-07-27,https://open.spotify.com/track/0s3abS8RWOEZdHNuaD92qC,,0s3abS8RWOEZdHNuaD92qC,Fue en un Cafe
,,,La Eminencia,1Mkc7HxpbpZL1v9gGwCkj4,Popurri De Cumbias,7HlwgAZ2JRKIjRCFeWUYXQ,40,205333,3:25,2020-12-29,https://open.spotify.com/track/3tpa7bi1rLEv8emvHx1Fd9,,3tpa7bi1rLEv8emvHx1Fd9,La Mafia Muere
,,,La Eminencia,1Mkc7HxpbpZL1v9gGwCkj4,Amor Divino,6hopwuOZav4XjRW3SlPUWV,40,160174,2:40,2019-08-16,https://open.spotify.com/track/0qRIhgd8F3lFgwdGXB3SMF,,0qRIhgd8F3lFgwdGXB3SMF,Amor Divino
,,,La Eminencia,1Mkc7HxpbpZL1v9gGwCkj4,Live Studio Sessions,538lQ5SSQPPhviv92TNcYW,39,132742,2:12,2022-02-09,https://open.spotify.com/track/7eJJyILRgS4crcAoymHTDT,,7eJJyILRgS4crcAoymHTDT,Te He Prometido
,,,La Eminencia,1Mkc7HxpbpZL1v9gGwCkj4,Fue en un Cafe el Amor de Mi Vida,6ZPRQXAs7Byw53QBKmhnqd,39,152813,2:32,2018-07-27,https://open.spotify.com/track/2qeJlpnd3aqZydENGl63ya,,2qeJlpnd3aqZydENGl63ya,Se Acabo la Gasolina
,,,La Eminencia,1Mkc7HxpbpZL1v9gGwCkj4,Fue en un Cafe el Amor de Mi Vida,6ZPRQXAs7Byw53QBKmhnqd,38,154649,2:34,2018-07-27,https://open.spotify.com/track/5R96ett4FYjqJmWTM8YcRR,,5R96ett4FYjqJmWTM8YcRR,El Tejano Enamorado
,,,La Eminencia,1Mkc7HxpbpZL1v9gGwCkj4,Fue en un Cafe el Amor de Mi Vida,6ZPRQXAs7Byw53QBKmhnqd,37,170948,2:50,2018-07-27,https://open.spotify.com/track/1qnBBTW1G8PthKls5lBIJP,,1qnBBTW1G8PthKls5lBIJP,El Cartero
,,,La Eminencia,1Mkc7HxpbpZL1v9gGwCkj4,Inalcanzable / Mas Norteno Que Nunca,1K8wE8v4vgsNuTfpc9y9HA,35,191247,3:11,2020-12-23,https://open.spotify.com/track/6evhAFTiRhAdEo0qx1AE8m,,6evhAFTiRhAdEo0qx1AE8m,Andar Conmigo
,,,Bruno & Marrone,5JXhkyafynxCvxtov7C1PV,Equilíbrio (Ao Vivo),5oFcg58VXbLAvFFHEy4hd4,65,196379,3:16,2021-07-29,https://open.spotify.com/track/6Aw11M9NT2tBeEj3mPKrjy,,6Aw11M9NT2tBeEj3mPKrjy,Facas - Ao Vivo
,,,Bruno & Marrone,5JXhkyafynxCvxtov7C1PV,Esqueci Você (Ao Vivo),2FIsIvkFYPn0f9Tg2GURns,71,185920,3:05,2025-06-03,https://open.spotify.com/track/05kS38NDY87Q9ATpN5Hpi8,,05kS38NDY87Q9ATpN5Hpi8,Esqueci Você - Ao Vivo
,,,Bruno & Marrone,5JXhkyafynxCvxtov7C1PV,Ensaio (Ao Vivo),7qq2SnvgPsm5Uz79LaKN2T,69,165074,2:45,2017-09-01,https://open.spotify.com/track/2EVaHMfXlWw4ANf6Mb8c5P,,2EVaHMfXlWw4ANf6Mb8c5P,Na Conta Da Loucura - Ao Vivo
,,,Bruno & Marrone,5JXhkyafynxCvxtov7C1PV,Acústico - Ao Vivo,5ef3YHfeGQd6JW056VmKiy,70,346333,5:46,2001-06-21,https://open.spotify.com/track/4Z20Nlp53CuArdsy0VbeTb,,4Z20Nlp53CuArdsy0VbeTb,Boate Azul (Ao Vivo)
,,,Bruno & Marrone,5JXhkyafynxCvxtov7C1PV,Acústico - Ao Vivo,5ef3YHfeGQd6JW056VmKiy,70,228293,3:48,2001-06-21,https://open.spotify.com/track/6cXfVLlxp3ahOSCmV1V3AW,,6cXfVLlxp3ahOSCmV1V3AW,Vida Vazia - Ao Vivo
,,,Bruno & Marrone,5JXhkyafynxCvxtov7C1PV,Acústico - Ao Vivo,5ef3YHfeGQd6JW056VmKiy,68,160293,2:40,2001-06-21,https://open.spotify.com/track/3Yp3YtYXrJ1ndMcc0tpaus,,3Yp3YtYXrJ1ndMcc0tpaus,Dormi na Praça - Ao Vivo
,,,Bruno & Marrone,5JXhkyafynxCvxtov7C1PV,Acústico - Ao Vivo,5ef3YHfeGQd6JW056VmKiy,67,184240,3:04,2001-06-21,https://open.spotify.com/track/3pANwjrypucSkTOQdSFbEK,,3pANwjrypucSkTOQdSFbEK,Amor de Carnaval - Ao Vivo
,,,Bruno & Marrone,5JXhkyafynxCvxtov7C1PV,"Revivem Sua História, Vol. 1 (Ao vivo em Uberlândia)",44QXvjwKItMFi1xPCyAvD6,67,158926,2:38,2025-02-06,https://open.spotify.com/track/6sDgaU5aSmFTHVOKM0qFf6,,6sDgaU5aSmFTHVOKM0qFf6,Ai que Vontade - Ao Vivo
,,,Bruno & Marrone,5JXhkyafynxCvxtov7C1PV,Revivem Sua História (Ao Vivo Em Belo Horizonte),6tmXf43FBVDqp3bnoLzzrj,67,220842,3:40,2023-06-23,https://open.spotify.com/track/6KVqLlcP1rTzXBx1vd3ggA,,6KVqLlcP1rTzXBx1vd3ggA,Inevitável - Ao Vivo
,,,Bruno & Marrone,5JXhkyafynxCvxtov7C1PV,Studio Bar (Ao Vivo Em Uberlândia / 2018),0yTbW8tcYxBvjkWCLhWpY9,59,157202,2:37,2019-03-09,https://open.spotify.com/track/5mFn4teAi2HMi7kRHliyFL,,5mFn4teAi2HMi7kRHliyFL,Surto De Amor - Ao Vivo Em Uberlândia / 2018
